<?xml version="1.0" encoding="UTF-8"?>
<project-private xmlns="http://www.netbeans.org/ns/project-private/1">
    <editor-bookmarks xmlns="http://www.netbeans.org/ns/editor-bookmarks/2" lastBookmarkId="0"/>
    <open-files xmlns="http://www.netbeans.org/ns/projectui-open-files/2">
        <group>
            <file>file:/C:/Users/Antonio/Desktop/Meetings/src/java/test/Test.java</file>
            <file>file:/C:/Users/Antonio/Desktop/Meetings/src/java/db/Tabla.java</file>
            <file>file:/C:/Users/Antonio/Desktop/Meetings/src/java/clases/Llamada.java</file>
            <file>file:/C:/Users/Antonio/Desktop/Meetings/src/java/db/JavaPostgreSQL.java</file>
            <file>file:/C:/Users/Antonio/Desktop/Meetings/src/java/helloWorld/Conexion.java</file>
            <file>file:/C:/Users/Antonio/Desktop/Meetings/src/java/clases/Lugar.java</file>
            <file>file:/C:/Users/Antonio/Desktop/Meetings/src/java/clases/Usuarios.java</file>
            <file>file:/C:/Users/Antonio/Desktop/Meetings/src/java/clases/Mesas.java</file>
            <file>file:/C:/Users/Antonio/Desktop/Meetings/src/java/helloWorld/ApplicationConfig.java</file>
            <file>file:/C:/Users/Antonio/Desktop/Meetings/src/java/clases/Clientes.java</file>
            <file>file:/C:/Users/Antonio/Desktop/Meetings/src/java/db/Web_Settings.java</file>
            <file>file:/C:/Users/Antonio/Desktop/Meetings/src/java/clases/Conexiones.java</file>
        </group>
    </open-files>
</project-private>
